{
    "name": "analytics",
    "displayName": "Analytics configuration",
    "description": "This json consists of required configs related to  analytics",
    "configs": [
        {
            "name": "gaAccount",
            "displayName": "GA Account",
            "description": "The Google Analytics Account registered to the customer",
            "type": "text",
            "required": false
        },
        {
            "name": "conversionTag",
            "displayName": "Conversion Tag",
            "description": "JS Snippets to track conversions of users transacted on customer's website.",
            "type": "text",
            "required": false
        }
    ]
}
