{
    "name": "basic",
    "displayName": "Basic configuration",
    "description": "This json consists of required configs related to zopsmart service",
    "configs": [
        {
            "name": "organizationName",
            "displayName": "Store Name",
            "description": "This will be used to display on customer website",
            "type": "text",
            "typeMeta": {
                "min_length": 3,
                "max_length": 30
            },
            "required": true
        },
        {
            "name": "siteUrl",
            "displayName": "URL",
            "description": "This is the url of customer's website served by zopsmart",
            "type": "url",
            "required": true
        },
        {
            "name": "siteTagLine",
            "displayName": "TagLine",
            "description": "description",
            "type": "text",
            "typeMeta": {
                "min_length": 10
            },
            "required": false
        },
        {
            "name": "logo",
            "displayName": "Logo",
            "description": "description",
            "type": "url",
            "required": false
        },
        {
            "name": "supportEmail",
            "displayName": "Support email",
            "description": "description",
            "type": "email",
            "required": false
        },
        {
            "name": "supportPhone",
            "displayName": "Support Phone",
            "description": "description",
            "type": "phone",
            "required": false
        },
        {
            "name": "selectedTheme",
            "displayName": "Selected Theme",
            "description": "This is the name of the theme selected by the customer",
            "type": "text",
            "required": false
        },
        {
            "name": "copyright",
            "displayName": "Copyright",
            "description": "Copyright of the website",
            "type": "text",
            "required": false
        },
        {
            "name": "checkoutAllowed",
            "displayName": "checkoutDisabled",
            "description": "checkout is disabled on website",
            "type": "boolean",
            "required": false,
            "default": true
        }
    ]
}
