{
  "name": "bulkOrderSupport",
  "displayName": "Bulk Order Support Configuration",
  "description": "This json consists of required configs related to zopsmart's Bulk Order Support",
  "configs": [
    {
      "name": "deliveryFee",
      "type":"positive",
      "description":"Defines the deliveryFee for bulk Order",
      "required": true
    },
    {
      "name": "leadTime",
      "type": "numeric",
      "description": "It allows you to block a slot for N days",
      "required": true
    },
    {
      "name": "maxOrderQuantity",
      "type": "positive",
      "description": "This defines that sum of all quantity of order beyond maxOrderQuantity is BulkOrder",
      "required": true
    },
    {
      "name": "targetStoreId",
      "type": "positive",
      "description": "It defines the store which can process a bulk-order.",
      "required": true
    },
    {
      "name": "reduceInventory",
      "type": "boolean",
      "required": true
    },
    {
      "name": "checkInventory",
      "type": "boolean",
      "required": true
    },
    {
      "name": "shouldReduceStock",
      "type": "boolean",
      "default":true,
      "required": true
    },
    {
      "name": "excludeWeekends",
      "type": "boolean",
      "default": false,
      "required": true
    }
  ]
}