{
    "name": "catalogue",
    "displayName": "Catalogue configuration",
    "description": "This json consists of required configs related to zopsmart's catalogue service",
    "configs": [
        {
            "name": "hasMultipleBrands",
            "displayName": "Do you sell multiple brands?",
            "description": "description",
            "type": "boolean",
            "required": true
        },
        {
            "name": "hasMultipleVariants",
            "displayName": "Do you sell multiple variants of the same product?",
            "description": "Example coco cola is sold in 1 ltr/500ml variants.",
            "type": "boolean",
            "required": true
        }
    ]
}