{
    "name": "communication",
    "displayName": "Communication configuration",
    "description": "This json consists of required configs related to communication",
    "configs": [
        {
            "name": "allowCall",
            "displayName": "Allow call",
            "description": "Determines whether calls are allowed",
            "type": "boolean",
            "required": false,
            "default": true
        },
        {
            "name": "allowSms",
            "displayName": "Allow sms",
            "description": "Determines whether sms are allowed",
            "type": "boolean",
            "required": false,
            "default": true
        },
        {
            "name": "allowEmail",
            "displayName": "Allow email",
            "description": "Determines whether emails are allowed",
            "type": "boolean",
            "required": false,
            "default": true
        }
    ]
}
