{
    "name": "deliverySlots",
    "displayName": "Delivery Slots Configuration",
    "description": "This json consists of required configs related to delivery slots",
    "configs": [
        {
            "name": "visibleDaysForSlot",
            "type": "positive",
            "description":"The number of days for which the slots are to be displayed on the website",
            "required": true
        },
        {
            "name": "businessOpeningTime",
            "type": "date",
            "typeMeta": {
                "format": "H:i:s"
            },
            "description":"Needed for ASAP slots.",
            "required": false
        },
        {
            "name": "businessClosingTime",
            "type": "date",
            "description":"Needed for ASAP slots.",
            "typeMeta": {
                "format": "H:i:s"
            },
            "required": false
        }
    ]
}
