{
    "name": "entityMetaData",
    "configs": [
        {
            "name": "customer",
            "type": "array",
            "required": false
        },
        {
            "name": "order",
            "type": "array",
            "required": false
        },
        {
            "name": "product",
            "type": "array",
            "required": false
        },
        {
            "name": "address",
            "type": "array",
            "required": false
        },
        {
            "name": "variant",
            "type": "array",
            "required": false
        },
        {
            "name": "deliveryArea",
            "type": "array",
            "required": false
        },
        {
            "name": "store",
            "type": "array",
            "required": false
        }
    ]
}
