{
  "name": "inStoreProcessing",
  "displayName": "In-Store Processes Configuration",
  "description": "This json consists of required configs related to zopsmart's In-store Processing",
  "configs": [
    {
      "name": "pickingSequence",
      "type": "enum",
      "typeMeta": [
            "INTELLIGENT_PICKING_QUEUE",
            "OLDEST_FIRST",
            "FARTHEST_FIRST"
      ],
      "default": "OLDEST_FIRST",
      "required": true
    },
    {
      "name": "pickerSeesOrder",
      "displayName": "Picker Sees Order",
      "description": "Define the way in which the Picker has to see the order items",
      "type": "enum",
      "typeMeta": [
            "ALL_ITEMS",
            "ONE_BY_ONE"
        ],
      "default": "ONE_BY_ONE",
      "required": true
    },
    {
      "name": "orderLabelPrinting",
      "displayName": "Label Printing",
      "description": "Label Printing",
      "type": "enum",
      "typeMeta": [
            "START_OF_PICKING",
            "END_OF_PICKING",
            "START_AND_END_OF_PICKING",
            "NOT_NEEDED",
            "END_OF_PACKING"
      ],
      "default": "NOT_NEEDED",
      "required": false
    },
    {
      "name": "orderLabelFormat",
      "displayName": "Order Label Format",
      "description": "Label Printing Format",
      "type": "enum",
      "typeMeta": [
            "ONLY_ORDER_NUMBER",
            "ORDER_NUMBER_AND_CUSTOMER_DETAILS",
            "ORDER_NUMBER_CUSTOMER_AND_ITEM_DETAILS"
      ],
      "default": "ONLY_ORDER_NUMBER",
      "required": false
    },
    {
      "name": "additionalQCStep",
      "displayName": "Additional QC step",
      "description": "Do you require an additional QC step for orders?",
      "type": "enum",
      "typeMeta": [
            "NOT_NEEDED",
            "DONE_BY_CHECKER"
      ],
      "default": "NOT_NEEDED",
      "required": false
    },
    {
      "name": "packingOfOrder",
      "displayName": "Packing of Order",
      "description": "Is order packing required?",
      "type": "enum",
      "typeMeta": [
            "NOT_NEEDED",
            "DONE_BY_PICKER",           
            "DONE_BY_PACKER",
	    "DONE_BY_CHECKER"
      ],
      "default": "NOT_NEEDED",
      "required": false
    },
    {
      "name": "qrCodeFormat",
      "displayName": "The format of QR Code",
      "description": "The format of QR Code",
      "type": "text",
      "typeMeta": {
          "regex": "/(^[0-9x]*(p+|w+)[0-9x]*i+[0-9x]*$)|(^[0-9x]*i+[0-9x]*(p+|w+)[0-9x]*$)/"
       },
      "required": false
    },
    {
      "name": "preventPickingWithoutScanning",
      "displayName": "Product picking requires scanning",
      "description": "",
      "type": "boolean",
      "required": false
    },
    {
      "name": "allowPriceEdit",
      "displayName": "Allow Price Edit during Picking",
      "description": "Is price edits allowed during picking?",
      "type": "boolean",
      "required": false
    },
    {
      "name": "discountCalculation",
      "displayName": "Discount Calculation",
      "description": "The way discount is to be computed when prices are edited during picking",
      "type":"enum",
      "typeMeta": [
            "PROPORTIONATE",
            "ACCEPT_COST_PRICE"
      ],
      "required": false
    },
    {
      "name": "multipleScanRequired",
      "type": "boolean",
      "default": "true",
      "required": false
    },
    {
      "name": "allowPackedWithoutDetails",
      "type": "boolean",
      "required": false
    },
    {
      "name": "canUpdateBarcode",
      "type": "boolean",
      "required": false
    }
  ]
}
