{
    "name": "inventory",
    "displayName": "Inventory configuration",
    "description": "This json consists of required configs related to zopsmart's inventory service",
    "configs": [
        {
            "name": "stockStrategy",
            "displayName": "Stock Strategy",
            "description": "Strategy supported by the organization. Ex: has stock or does not have stock, or count of items in stock",
            "type": "enum",
            "typeMeta": [
                "BooleanStrategy",
                "CountableStrategy"
            ],
            "required": false
        },
        {
            "name": "taxExclusivePrice",
            "displayName": "Tax Exclusive Price",
            "description": "Inventory prices are tax exclusive",
            "type": "boolean",
            "required": false
        },
        {
            "name": "multipleMrp",
            "displayName": "Support Multiple Prices for product",
            "description": "By default a product has a single price. Enable this to support multiple prices.",
            "type": "boolean",
            "required": false
        }
    ]
}