{
    "name": "logistics",
    "displayName": "Logistics configuration",
    "description": "This json consists of required configs related to logistics",
    "configs": [
        {
            "name": "deliveryFee",
            "displayName": "Delivery Fee",
            "description": "The Delivery fee that is charged by the organization for each order",
            "type": "positive",
            "required": false
        },
        {
            "name": "RESeesOrders",
            "displayName": "RE Sees Orders",
            "description": "Define the way in which the RE has to see the orders",
            "type": "enum",
            "typeMeta": [
                "ALL_ORDERS",
                "ONE_BY_ONE"
            ],
            "default": "ALL_ORDERS",
            "required": false
        },
        {
            "name": "canLeaveAtDoorstep",
            "displayName": "Can Leave At Doorstep",
            "description": "Determines whether RE can leave order at doorstep if customer is not available",
            "type": "boolean",
            "required": false,
            "default": false
        },
        {
            "name": "shouldCaptureOdometer",
            "displayName": "Should we capture vehicle start and end kms",
            "description": "Determines whether RE can start the trip without capturing the odometer?",
            "type": "boolean",
            "required": false,
            "default": false
        },
        {
            "name": "canCallCustomerDirectly",
            "displayName": "Call customer from sim",
            "description": "",
            "type": "boolean",
            "required": false,
            "default": false
        },
        {
            "name": "orderBreakingMethod",
            "displayName": "Clustoring vs Zone based order breaking",
            "description": "",
            "type": "enum",
            "required": false,
            "typeMeta": [
                "CLUSTERING",
                "ZONING"
            ]
        },
        {
            "name": "loadingPreference",
            "displayName": "",
            "description": "",
            "type": "enum",
            "typeMeta": [
                "ONLY_SCANNING",
                "ONLY_CHECKING",
                "ALLOW_BOTH"
            ],
            "required": false
        },
        {
            "name": "unloadingPreference",
            "displayName": "",
            "description": "",
            "type": "enum",
            "typeMeta": [
                "ONLY_SCANNING",
                "ONLY_CHECKING",
                "ALLOW_BOTH"
            ],
            "required": false
        }
    ]
}
