{
    "name": "menu",
    "displayName": "Menu configuration",
    "description": "This json consists of required configs related to the menu to be displayed on the website",
    "configs": [
        {
            "name": "sortType",
            "displayName": "sort type",
            "description": "The sorting logic to be used for displaying the menu.",
            "type": "enum",
            "typeMeta": [
                "AUTO", "CUSTOM"
            ],
            "required": false
        },
        {
            "name": "customSequence",
            "displayName": "Custom category sequence",
            "description": "Sequence of categories to be displayed for custom sorted menu.",
            "type": "array",
            "typeMeta": {
                "item": {
                    "type": "positive"
                }
            },
            "required": false
        }
    ]
}
