{
    "name": "mobileApp",
    "displayName": "Mobile Apps",
    "description": "This json consists of required configs related to mobile applications",
    "configs": [
        {
            "name": "name",
            "displayName": "Name of the app",
            "description": "Choose a simple, memorable name that is easy to spell and hints at what your app does.",
            "type": "text",
            "typeMeta": {
                "min_length": 3,
                "max_length": 30
            },
            "required": true
        },
        {
            "name": "shortDescription",
            "displayName": "Short Description",
            "description": "Summarize your app in a concise phrase. ",
            "type": "text",
            "typeMeta": {
                "min_length": 3,
                "max_length": 30
            },
            "required": true
        },        
        {
            "name": "longDescription",
            "displayName": "Long Description",
            "description": "Provide an engaging description that highlights the features and functionality of your app.",
            "type": "text",
            "typeMeta": {
                "min_length": 3,
                "max_length": 4000
            },
            "required": true
        },
        {
            "name": "appIcon",
            "displayName": "App Icon",
            "description": "A simple and recognizable icon for your application",
            "type": "url",
            "required": true
        },
        {
            "name": "splashScreen",
            "displayName": "Splash Screen",
            "description": "Provide a landing page image for your application that customers see when they open. ",
            "type": "url",
            "required": true
        },
        {
            "name": "selectedTheme",
            "displayName": "Select Theme",
            "description": "Select one of the themes for your application",
            "type": "text",
            "required": false
        }
    ]
}
