{
    "name": "notification",
    "displayName": "Notification configuration",
    "description": "This json consists of required configs related to notifications",
    "configs": [
        {
            "name": "latestUpdatesEmailInterval",
            "type": "enum",
            "typeMeta": [
                "DAILY", "WEEKLY", "MONTHLY", "NEVER"
            ],
            "required": true
        },
        {
            "name": "notifyOnOrderPlace",
            "type": "boolean",
            "default": true,
            "required": true
        },
        {
            "name": "orderPlaceEmailRecipients",
            "type": "array",
            "typeMeta": {
                "item": {
                    "type": "email"
                }
            },
            "required": false
        },
        {
            "name": "orderPlaceSmsRecipients",
            "type": "array",
            "typeMeta": {
                "item": {
                    "type": "phone"
                }
            },
            "required": false
        },
        {
            "name": "notifyOnOrderCancel",
            "type": "boolean",
            "default": true,
            "required": true
        },
        {
            "name": "orderCancelEmailRecipients",
            "type": "array",
            "typeMeta": {
                "item": {
                    "type": "email"
                }
            },
            "required": false
        },
        {
            "name": "orderCancelSmsRecipients",
            "type": "array",
            "typeMeta": {
                "item": {
                    "type": "phone"
                }
            },
            "required": false
        },
        {
            "name": "notifyOnOrderRefund",
            "type": "boolean",
            "default": true,
            "required": true
        },
        {
            "name": "orderRefundEmailRecipients",
            "type": "array",
            "typeMeta": {
                "item": {
                    "type": "email"
                }
            },
            "required": false
        },
        {
            "name": "orderRefundSmsRecipients",
            "type": "array",
            "typeMeta": {
                "item": {
                    "type": "phone"
                }
            },
            "required": false
        },
        {
            "name": "notifyOnCustomerSignUp",
            "type": "boolean",
            "default": true,
            "required": true
        },
        {
            "name": "customerSignUpEmailRecipients",
            "type": "array",
            "typeMeta": {
                "item": {
                    "type": "email"
                }
            },
            "required": false
        },
        {
            "name": "customerSignUpSmsRecipients",
            "type": "array",
            "typeMeta": {
                "item": {
                    "type": "phone"
                }
            },
            "required": false
        },
        {
            "name": "notifyOnCustomerWalletRecharge",
            "type": "boolean",
            "required": true
        },
        {
            "name": "customerWalletRechargeEmailRecipients",
            "type": "array",
            "typeMeta": {
                "item": {
                    "type": "email"
                }
            },
            "required": false
        },
        {
            "name": "customerWalletRechargeSmsRecipients",
            "type": "array",
            "typeMeta": {
                "item": {
                    "type": "phone"
                }
            },
            "required": false
        },
        {
            "name": "notifyOnCustomerAddNewAddress",
            "type": "boolean",
            "required": true
        },
        {
            "name": "customerAddNewAddressEmailRecipients",
            "type": "array",
            "typeMeta": {
                "item": {
                    "type": "email"
                }
            },
            "required": false
        },
        {
            "name": "customerAddNewAddressSmsRecipients",
            "type": "array",
            "typeMeta": {
                "item": {
                    "type": "phone"
                }
            },
            "required": false
        }
    ]
}