{
    "name": "order",
    "displayName": "Order configuration",
    "description": "This json consists of required configs related to zopsmart's order service",
    "configs": [
        {
            "name": "paymentMethods",
            "displayName": "Payment Methods",
            "description": "Supported payment methods for the order.",
            "type": "array",
            "typeMeta": {
                "item": {
                    "type": "text"
                }
            },
            "required": false
        },
        {
            "name": "orderTypes",
            "displayName": "Order types",
            "description": "Supported order types for the order.",
            "type": "array",
            "default": ["DELIVERY"],
            "typeMeta": {
                "item": {
                    "type": "enum",
                    "typeMeta": [
                        "PICKUP", "DELIVERY", "SELF_CHECKOUT"
                    ]
                }
            },
            "required": true
        },
        {
            "name": "extraCharges",
            "displayName": "Extra charges",
            "description": "The fee that is charged by the organization for each order",
            "type": "positive",
            "required": false
        },
        {
            "name": "extraChargesLabel",
            "displayName": "Extra charges label",
            "description": "The fee that is charged by the organization for each order",
            "type": "text",
            "required": false
        },
        {
            "name": "itemReturnReasons",
            "displayName": "Item Return Reasons",
            "description": "Supported item return reasons for the order.",
            "type": "array",
            "typeMeta": {
                "item": {
                    "type": "text"
                }
            },
            "required": false
        },
        {
            "name": "pickingLeadTime",
            "type": "date",
            "typeMeta": {
                "format": "H:i:s"
            },
            "description": "The amount of time before a slot end time from when picking can be started",
            "required": false
        },
        {
            "name": "minimumOrderValue",
            "displayName": "Minimum Order Value",
            "description": "The minimum order value that is required by the organization for each order",
            "type": "positive",
            "required": false
        }
    ]
} 