{
  "name": "passwordPolicySupport",
  "displayName": "Password Policy Support Configuration",
  "description": "This json consists of required configs related to zopsmart's Password Policy Support",
  "configs": [
    {
      "name": "minPasswordLength",
      "type":"numeric",
      "description":"Defines the minimum length of a password",
      "required": false
    },
    {
      "name": "minNumberOfNumericCharacters",
      "type": "numeric",
      "description": "Defines the minimum number of numeric characters in a password",
      "required": false
    },
    {
      "name": "minNumberOfUppercaseAlphabets",
      "type": "numeric",
      "description": "Defines the minimum number of uppercase alphabets in a password",
      "required": false
    },
    {
      "name": "minNumberOfLowercaseAlphabets",
      "type": "numeric",
      "description": "Defines the minimum number of lowercase alphabets in a password",
      "required": false
    },
    {
      "name": "minNumberOfSymbols",
      "type": "numeric",
      "description": "Defines the minimum number of symbols in a password",
      "required": false
    }
  ]
}