{
    "name": "social",
    "displayName": "Social configuration",
    "description": "This json consists of required configs related to supported social networking sites",
    "configs": [
        {
            "name": "facebookHandle",
            "displayName": "Facebook Handle",
            "description": "The Facebook handle registered to the customer",
            "type": "text",
            "required": false
        },
        {
            "name": "twitterHandle",
            "displayName": "Twitter Handle",
            "description": "The Twitter handle registered to the customer",
            "type": "text",
            "required": false
        },
        {
            "name": "googlePlusHandle",
            "displayName": "Google+ Handle",
            "description": "The Google+ handle registered to the customer",
            "type": "text",
            "required": false
        },
        {
            "name": "hasFacebookLogin",
            "displayName": "Is Facebook login supported?",
            "description": "description",
            "type": "boolean",
            "required": true
        },
        {
            "name": "hasTwitterLogin",
            "displayName": "Is Twitter login supported",
            "description": "description",
            "type": "boolean",
            "required": true
        },
        {
            "name": "hasGooglePlusLogin",
            "displayName": "Is Google+ login supported",
            "description": "description",
            "type": "boolean",
            "required": true
        },
        {
            "name": "fbLoginCredentials",
            "displayName": "Your credentials for Facebook App",
            "description": "description",
            "type": "hash",
            "typeMeta":["id", "secret"],
            "required": false
        },
        {
            "name": "googleLoginCredentials",
            "displayName": "Your credentials for Google App",
            "description": "description",
            "type": "hash",
            "typeMeta":["id", "secret"],
            "required": false
        },
        {
            "name": "twitterLoginCredentials",
            "displayName": "Your credentials for Twitter App",
            "description": "description",
            "type": "hash",
            "typeMeta":["key", "secret"],
            "required": false
        },
        {
            "name": "youtubeHandle",
            "displayName": "Youtube Handle",
            "description": "The Youtube handle registered to the customer",
            "type": "text",
            "required": false
        },
        {
            "name": "instagramHandle",
            "displayName": "Instagram Handle",
            "description": "The Instagram handle registered to the customer",
            "type": "text",
            "required": false
        }
    ]
}
