{
    "name": "tawkToLiveChat",
    "displayName": "Tawk.to Live Chat configuration",
    "description": "This json consists of required configs related to tawk.to Live Chat",
    "configs": [
        {
            "name": "tawkToId",
            "displayName": "Tawk.to ID",
            "description": "The Tawk.to account id registered to the customer",
            "type": "text",
            "required": true
        },
        {
            "name": "widgetId",
            "displayName": "Tawk.to Widget ID",
            "description": "The Tawk.to widget id registered to the customer",
            "type": "text",
            "required": true
        }
    ]
}
